{
  "train_loss": [
    0.6760368031250338,
    0.3749865259991463,
    0.31525602678089165,
    0.2741777089111279,
    0.2526855258409373,
    0.22475179462535022,
    0.20843080800498417,
    0.19954678336540685,
    0.1851984505016991,
    0.16759057987509823,
    0.16593357613188212,
    0.15377271333180662,
    0.14502554392751194,
    0.14510942328066512,
    0.1361874103323479,
    0.12966815670382834,
    0.12160603810654848,
    0.12233876572071888,
    0.11545555707978239,
    0.11252706202446569,
    0.10567840934816472,
    0.10730368782274068,
    0.1029376220448638,
    0.09544290763968562,
    0.09825935201438786,
    0.09090628402763123,
    0.09440121067612631,
    0.0908621446022105,
    0.09086060003727252,
    0.08983851231021531
  ],
  "train_acc": [
    0.7713564410480349,
    0.8668804585152838,
    0.8883733624454149,
    0.902292576419214,
    0.9112308951965066,
    0.9188045851528385,
    0.925764192139738,
    0.9300627729257642,
    0.9340884279475983,
    0.9408433406113537,
    0.9386599344978166,
    0.9458242358078602,
    0.9501228165938864,
    0.949235807860262,
    0.9495087336244541,
    0.9529203056768559,
    0.9560589519650655,
    0.9576965065502183,
    0.9583788209606987,
    0.9606304585152838,
    0.9621997816593887,
    0.9620633187772926,
    0.9617903930131004,
    0.9652019650655022,
    0.9639055676855895,
    0.9670442139737991,
    0.9645196506550219,
    0.9673853711790393,
    0.9662936681222707,
    0.9679312227074236
  ],
  "val_loss": [
    0.3426916429575946,
    0.26731665400143895,
    0.22676906758109822,
    0.22814785928896714,
    0.21958934548211642,
    0.19155125865863934,
    0.21815996861912024,
    0.16803958765933974,
    0.1522890763836728,
    0.14791427227588083,
    0.15287648790746214,
    0.14002963708248647,
    0.15244790320266155,
    0.14684930390487555,
    0.14686929959303427,
    0.13986022735702755,
    0.14249887237266068,
    0.1274265387661278,
    0.1380357122734303,
    0.13072356062087556,
    0.12504359976069884,
    0.1313844387855185,
    0.12941987251720916,
    0.12485758401250986,
    0.12499252027902065,
    0.12176608083733953,
    0.1175427892871669,
    0.12220793271115502,
    0.12264291609704668,
    0.11676902314255447
  ],
  "val_acc": [
    0.8728943338437979,
    0.9053598774885145,
    0.9185298621745789,
    0.9188361408882083,
    0.9206738131699846,
    0.9313935681470138,
    0.9350689127105666,
    0.9405819295558958,
    0.9454823889739663,
    0.9522205206738131,
    0.9402756508422665,
    0.9485451761102603,
    0.9476263399693722,
    0.9467075038284839,
    0.9503828483920368,
    0.9525267993874426,
    0.9476263399693722,
    0.955895865237366,
    0.951301684532925,
    0.9546707503828484,
    0.9577335375191425,
    0.955895865237366,
    0.955895865237366,
    0.9586523736600306,
    0.9568147013782542,
    0.9586523736600306,
    0.9617151607963247,
    0.9568147013782542,
    0.957427258805513,
    0.9595712098009188
  ]
}