{
  "train_loss": [
    0.7603256845253004,
    0.5019632744476785,
    0.42672859880601477,
    0.3766700378314116,
    0.36460552890846043,
    0.335514736845764,
    0.3088428095780215,
    0.3016994639612962,
    0.27427437927525117,
    0.2751000753998366,
    0.2483358024151825,
    0.24006174091965482,
    0.23186916309331573,
    0.2267318152655811,
    0.21066925978475132,
    0.21113263484594863,
    0.20799980807935567,
    0.1955975043713461,
    0.1878970327571555,
    0.18424458627072549,
    0.17261313487608881,
    0.17261586985733832,
    0.16608467607405117,
    0.16530927449798286,
    0.16518439756356604,
    0.1607394669627909,
    0.1539580469288127,
    0.15731839139998674,
    0.15269729983891203,
    0.15249024950146806
  ],
  "train_acc": [
    0.7266648471615721,
    0.8204148471615721,
    0.8434770742358079,
    0.8610807860262009,
    0.8655158296943232,
    0.8801173580786026,
    0.8881686681222707,
    0.8900109170305677,
    0.8998362445414847,
    0.8994950873362445,
    0.9095933406113537,
    0.9107532751091703,
    0.9145742358078602,
    0.917985807860262,
    0.9222843886462883,
    0.9213973799126638,
    0.9241266375545851,
    0.9273335152838428,
    0.9327237991266376,
    0.9312227074235808,
    0.9348389737991266,
    0.9366129912663755,
    0.9376364628820961,
    0.9376364628820961,
    0.9375,
    0.9399563318777293,
    0.9426855895196506,
    0.941457423580786,
    0.9420032751091703,
    0.943367903930131
  ],
  "val_loss": [
    0.5205469177354656,
    0.49255474467662336,
    0.35472462819227973,
    0.3114804554738938,
    0.34306137058438324,
    0.3210772311554217,
    0.27924886267022664,
    0.30589585025340843,
    0.29925923272511273,
    0.26164967098468184,
    0.25309835851019213,
    0.23347820504894465,
    0.21250604553642363,
    0.21127578072911815,
    0.23975706489565132,
    0.2325143693671902,
    0.20011219640037978,
    0.20479385719115734,
    0.2076104548789059,
    0.20706901808567527,
    0.18807003684350967,
    0.19660453191385635,
    0.1821365977991927,
    0.18272277039684903,
    0.1788480387514438,
    0.17798299479319835,
    0.17908683630664213,
    0.17959097551267378,
    0.17734173449662427,
    0.1781413773533108
  ],
  "val_acc": [
    0.8079632465543645,
    0.804594180704441,
    0.8768759571209801,
    0.885145482388974,
    0.8762633996937212,
    0.8860643185298622,
    0.9013782542113323,
    0.8921898928024502,
    0.8891271056661562,
    0.9105666156202143,
    0.9124042879019908,
    0.9200612557427259,
    0.926186830015314,
    0.9243491577335375,
    0.9130168453292496,
    0.9151607963246554,
    0.9316998468606432,
    0.9283307810107198,
    0.9271056661562022,
    0.9292496171516079,
    0.9347626339969373,
    0.9298621745788668,
    0.935375191424196,
    0.9387442572741195,
    0.93843797856049,
    0.9372128637059725,
    0.9381316998468606,
    0.93843797856049,
    0.9390505359877489,
    0.9381316998468606
  ]
}