{
  "train_loss": [
    0.5543464822898004,
    0.263597228381311,
    0.2137715136835669,
    0.17872112759441852,
    0.1595090395083659,
    0.15029659730435133,
    0.1366803755772231,
    0.12770610831385096,
    0.12024772702919637,
    0.11050993910005447,
    0.11112983244182502,
    0.10192264600628458,
    0.08764874348701608,
    0.09061085528975726,
    0.08606521358309867,
    0.07725277270432399,
    0.07255936082880578,
    0.07172712517366439,
    0.06462244601797223,
    0.06327897945762608,
    0.059433224473154175,
    0.0556838881729358,
    0.055409646930587864,
    0.051161928046581144,
    0.04938191913060224,
    0.048557279032579316,
    0.0442763549824348,
    0.04464252172449734,
    0.04299496798702378,
    0.042428198906939475
  ],
  "train_acc": [
    0.8122270742358079,
    0.9112308951965066,
    0.9268558951965066,
    0.9378411572052402,
    0.9441184497816594,
    0.9475300218340611,
    0.9534661572052402,
    0.9548990174672489,
    0.9575600436681223,
    0.9617221615720524,
    0.9621997816593887,
    0.964792576419214,
    0.9708651746724891,
    0.9674536026200873,
    0.9711381004366813,
    0.9714110262008734,
    0.9735262008733624,
    0.9740720524017468,
    0.9759143013100436,
    0.9777565502183406,
    0.9776200873362445,
    0.9798717248908297,
    0.9802811135371179,
    0.9821233624454149,
    0.9826009825327511,
    0.9814410480349345,
    0.9845114628820961,
    0.9832150655021834,
    0.9849890829694323,
    0.9838973799126638
  ],
  "val_loss": [
    0.28169744730259555,
    0.1955153793791101,
    0.17278516095999624,
    0.17214637835285113,
    0.1455333039864663,
    0.13041449150413306,
    0.1252417597502489,
    0.11494576266788839,
    0.14910591910719914,
    0.12642367154452652,
    0.10877380906535693,
    0.12772938733996897,
    0.1279065233915762,
    0.11559497568441696,
    0.11329994099775152,
    0.10401022174194767,
    0.0946054539131188,
    0.09632729024969021,
    0.09823532440257986,
    0.10046913673600492,
    0.09252967572711925,
    0.0954632621621072,
    0.09454247541827235,
    0.0945555535523195,
    0.0974556621688592,
    0.09662860566877637,
    0.09647603290806532,
    0.09609293062285938,
    0.0984066515299278,
    0.09630431349778615
  ],
  "val_acc": [
    0.9007656967840735,
    0.9332312404287902,
    0.9418070444104135,
    0.9424196018376723,
    0.9522205206738131,
    0.9519142419601838,
    0.9598774885145482,
    0.9620214395099541,
    0.9503828483920368,
    0.9592649310872894,
    0.9644716692189893,
    0.9571209800918836,
    0.9629402756508423,
    0.965084226646248,
    0.9638591117917304,
    0.9684532924961715,
    0.970290964777948,
    0.9721286370597243,
    0.9696784073506891,
    0.9693721286370597,
    0.9715160796324656,
    0.971822358346095,
    0.9724349157733537,
    0.9730474732006126,
    0.9705972434915774,
    0.9709035222052067,
    0.9712098009188361,
    0.9721286370597243,
    0.973353751914242,
    0.973353751914242
  ]
}