{
  "resnet50": 0.973353751914242,
  "mobilenetv3": 0.9390505359877489,
  "efficientnet_b0": 0.9617151607963247
}